Feature0,Feature1,Feature2,Feature3,Feature4,Feature5,Feature6,Feature7,Feature8,Feature9,Label,Distribution,,,,,,,,,,,,
-5.206532852,-4.777212973,-14.03597652,-2.987714904,0.654003346,-21.27420475,-8.729341434,6.427423304,-5.439680228,-7.77593779,-1,4.40E-19,,-2.29E-18,-2.10E-18,-6.18E-18,-1.32E-18,2.88E-19,-9.37E-18,-3.85E-18,2.83E-18,-2.40E-18,-3.43E-18,-1
5.071289425,10.6199479,12.88642891,11.53903688,4.121478352,3.993137048,3.645922668,5.602489629,-0.105416788,8.361406378,1,2.33E-23,,1.18E-22,2.48E-22,3.01E-22,2.69E-22,9.62E-23,9.32E-23,8.51E-23,1.31E-22,-2.46E-24,1.95E-22,1
-12.69446141,-10.97072688,-3.310149076,-0.909711411,-6.202865436,-14.85094731,0.104563942,-0.338693535,-8.595280636,2.797506317,-1,3.14E-22,,-3.99E-21,-3.45E-21,-1.04E-21,-2.86E-22,-1.95E-21,-4.67E-21,3.29E-23,-1.06E-22,-2.70E-21,8.80E-22,-1
2.886520923,1.781574676,5.464061481,0.023655393,3.844488651,1.692154163,-1.092110568,5.380943065,12.78809364,0.277894667,1,4.70E-33,,1.36E-32,8.36E-33,2.57E-32,1.11E-34,1.81E-32,7.95E-33,-5.13E-33,2.53E-32,6.00E-32,1.30E-33,1
6.48094316,4.808875927,6.6952334,1.664729122,1.525258942,6.135882814,7.945958633,8.007776574,12.45981683,-3.457988857,1,7.05E-22,,4.57E-21,3.39E-21,4.72E-21,1.17E-21,1.08E-21,4.33E-21,5.60E-21,5.65E-21,8.79E-21,-2.44E-21,1
4.40301595,9.147637297,6.081251053,-5.261747288,5.622673022,5.682933793,6.879566058,0.597860349,9.388381565,6.871516194,1,2.41E-05,,0.000106283,0.000220811,0.000146793,-0.000127011,0.000135724,0.000137178,0.000166063,1.44E-05,0.000226623,0.000165869,1
-4.995350507,-4.050334664,-2.177235747,-8.65020882,1.552367272,-7.828927657,-12.1879142,-9.162750952,-4.959455654,-9.892571828,-1,2.61E-08,,-1.30E-07,-1.06E-07,-5.67E-08,-2.25E-07,4.04E-08,-2.04E-07,-3.18E-07,-2.39E-07,-1.29E-07,-2.58E-07,-1
-2.195000548,3.035750083,6.08104101,-3.792118768,4.295430658,6.670403439,0.054320757,15.4629923,8.278678928,-0.763461674,1,2.59E-23,,-5.68E-23,7.85E-23,1.57E-22,-9.81E-23,1.11E-22,1.73E-22,1.41E-24,4.00E-22,2.14E-22,-1.98E-23,1
-2.166473849,3.24190758,12.88512675,7.425216688,9.631360827,2.483584538,10.27265919,4.880255441,4.442255062,3.088074523,1,4.95E-44,,-1.07E-43,1.60E-43,6.38E-43,3.68E-43,4.77E-43,1.23E-43,5.09E-43,2.42E-43,2.20E-43,1.53E-43,1
-14.89340037,-4.949689513,-2.463262846,-3.411854011,-9.542504777,-12.93512186,-5.645380692,-8.589770974,2.659686823,-5.234173289,-1,0.008961112,,-0.133461436,-0.044354724,-0.022073575,-0.030574007,-0.085511458,-0.115913082,-0.050588891,-0.076973904,0.023833753,-0.046904015,-1
-0.627337891,-19.90222956,-3.959926048,-2.41134887,-10.13523358,-8.001604328,0.406687612,-5.761460497,-0.895149873,2.315104455,-1,3.02E-14,,-1.90E-14,-6.02E-13,-1.20E-13,-7.29E-14,-3.06E-13,-2.42E-13,1.23E-14,-1.74E-13,-2.71E-14,7.00E-14,-1
-2.431716441,2.09333914,6.239425343,10.73471019,2.683171208,9.76805217,8.814659761,-0.275355376,5.229640607,5.736825286,1,8.89E-25,,-2.16E-24,1.86E-24,5.55E-24,9.55E-24,2.39E-24,8.69E-24,7.84E-24,-2.45E-25,4.65E-24,5.10E-24,1
-6.133623961,1.707898099,3.520958564,4.103407577,-2.679695049,-5.351593724,3.051289966,-12.37696244,-13.06889419,-16.34023545,-1,7.51E-38,,-4.61E-37,1.28E-37,2.65E-37,3.08E-37,-2.01E-37,-4.02E-37,2.29E-37,-9.30E-37,-9.82E-37,-1.23E-36,-1
5.07424377,4.932454254,0.702247051,5.933246339,9.908215336,6.51807056,9.156516056,1.520622868,12.89925144,3.352045132,1,2.13E-33,,1.08E-32,1.05E-32,1.49E-33,1.26E-32,2.11E-32,1.39E-32,1.95E-32,3.24E-33,2.74E-32,7.13E-33,1
-3.456356403,11.64622537,-2.128193311,7.403312385,-0.281873368,8.462942285,9.506264277,6.101728433,2.8556588,3.161337788,1,0.049288075,,-0.170357155,0.574020034,-0.104894552,0.364895019,-0.013892996,0.417122138,0.468545471,0.300742451,0.140749926,0.155816255,1
-2.01343615,-6.104733033,-7.459515179,-1.146092572,1.570559396,-1.84682381,-7.68301191,-7.111847522,-10.42013489,-7.36452285,-1,8.92E-19,,-1.80E-18,-5.45E-18,-6.65E-18,-1.02E-18,1.40E-18,-1.65E-18,-6.85E-18,-6.34E-18,-9.30E-18,-6.57E-18,-1
-7.702651348,-9.20237622,-3.29752385,-16.65908723,0.185556963,-4.586806419,-10.05827407,-8.212025317,-1.321319285,-6.268703891,-1,8.17E-12,,-6.30E-11,-7.52E-11,-2.70E-11,-1.36E-10,1.52E-12,-3.75E-11,-8.22E-11,-6.71E-11,-1.08E-11,-5.12E-11,-1
9.747786279,6.951951126,11.96414275,7.69682446,2.890861233,15.14324176,8.002419139,5.458876297,2.169052781,8.49591152,1,0.417022005,,4.065041376,2.899116595,4.989310793,3.209745166,1.205552747,6.315065037,3.337184872,2.276471537,0.904542739,3.542982054,1
-4.157231925,-2.858212717,-2.889809046,-11.80024614,-3.209330165,-6.949816105,-2.591801711,3.80319832,-10.37972464,-2.182376666,-1,1.95E-11,,-8.09E-11,-5.56E-11,-5.62E-11,-2.30E-10,-6.24E-11,-1.35E-10,-5.04E-11,7.40E-11,-2.02E-10,-4.25E-11,-1
6.313559253,1.344196574,12.65547141,0.95976144,8.966035793,-0.853722542,4.310233134,12.9910474,7.15898759,-3.167079875,1,1.47E-10,,9.26E-10,1.97E-10,1.86E-09,1.41E-10,1.31E-09,-1.25E-10,6.32E-10,1.90E-09,1.05E-09,-4.64E-10,1
11.45631926,-3.878131746,-3.04802041,11.16032158,-3.99028603,9.258948554,1.219871475,7.110822635,0.913407087,0.111390203,1,1.47E-37,,1.68E-36,-5.70E-37,-4.48E-37,1.64E-36,-5.86E-37,1.36E-36,1.79E-37,1.04E-36,1.34E-37,1.64E-38,1
8.382808303,15.09588297,5.283012131,4.323665972,7.484653736,7.241718657,15.410997,0.601395709,7.505781917,3.444851595,1,1.80E-39,,1.51E-38,2.72E-38,9.50E-39,7.78E-39,1.35E-38,1.30E-38,2.77E-38,1.08E-39,1.35E-38,6.20E-39,1
-5.149872514,-6.546977169,-6.86457293,1.121042292,-4.44531732,0.853231145,-4.086209119,3.15381474,-0.715094488,1.078013225,-1,5.54E-16,,-2.85E-15,-3.62E-15,-3.80E-15,6.21E-16,-2.46E-15,4.72E-16,-2.26E-15,1.75E-15,-3.96E-16,5.97E-16,-1
-12.54307796,-12.26361831,-15.32166269,-8.341138342,-13.27983335,-5.256271588,-1.128163277,-15.48370131,-5.207650269,-5.283549921,-1,9.14E-23,,-1.15E-21,-1.12E-21,-1.40E-21,-7.62E-22,-1.21E-21,-4.80E-22,-1.03E-22,-1.41E-21,-4.76E-22,-4.83E-22,-1
-10.21199153,-17.03048929,-5.95380342,-6.808881202,-4.996726268,-2.856922733,-1.08912714,-4.020130303,-3.655918592,-4.044712493,-1,5.04E-31,,-5.14E-30,-8.58E-30,-3.00E-30,-3.43E-30,-2.52E-30,-1.44E-30,-5.49E-31,-2.03E-30,-1.84E-30,-2.04E-30,-1
-12.07081665,-18.79264968,-3.957509185,-2.333608451,-5.458291454,-10.37636006,0.774865778,-11.1406373,-5.864928011,-6.442968845,-1,9.57E-20,,-1.15E-18,-1.80E-18,-3.79E-19,-2.23E-19,-5.22E-19,-9.93E-19,7.41E-20,-1.07E-18,-5.61E-19,-6.16E-19,-1
4.918605145,-1.875469627,1.022459444,-1.239364442,5.09499776,1.959602975,6.510480629,10.40874102,-0.530333069,6.46890961,1,0.005470554,,0.026907496,-0.010259858,0.00559342,-0.00678001,0.027872461,0.010720114,0.035615937,0.056941582,-0.002901216,0.03538852,1
5.870656927,2.442294099,-4.710873791,13.73763342,16.49524195,5.758034934,-0.108587276,4.077758569,2.963736646,-3.088188039,1,3.25E-06,,1.91E-05,7.93E-06,-1.53E-05,4.46E-05,5.36E-05,1.87E-05,-3.53E-07,1.32E-05,9.62E-06,-1.00E-05,1
0.991905398,4.683411212,5.477208803,1.9591658,-5.161495656,2.937862687,3.940916359,7.758770145,4.28456059,-0.737202264,1,1.49E-35,,1.48E-35,7.00E-35,8.19E-35,2.93E-35,-7.72E-35,4.39E-35,5.89E-35,1.16E-34,6.41E-35,-1.10E-35,1
-8.934792054,-8.454722533,-5.958811486,-2.333152603,-10.00914544,-9.088068612,0.723939442,-4.37348469,-6.348463161,1.131709414,-1,2.00E-12,,-1.79E-11,-1.69E-11,-1.19E-11,-4.67E-12,-2.00E-11,-1.82E-11,1.45E-12,-8.75E-12,-1.27E-11,2.26E-12,-1
-5.785116672,-13.63004106,-5.354552942,-9.150369833,-12.23209521,-15.74765614,-2.44877971,-5.469737352,-7.707380135,-9.130684743,-1,4.08E-27,,-2.36E-26,-5.56E-26,-2.19E-26,-3.74E-26,-4.99E-26,-6.43E-26,-1.00E-26,-2.23E-26,-3.15E-26,-3.73E-26,-1
-0.985432894,-2.686942484,2.945953188,9.699732063,9.60713855,11.26787692,6.940829261,10.05973186,1.936544561,4.77275777,1,2.32E-41,,-2.29E-41,-6.24E-41,6.84E-41,2.25E-40,2.23E-40,2.62E-40,1.61E-40,2.33E-40,4.49E-41,1.11E-40,1
5.890377512,1.235831669,8.057846896,0.434231915,3.421116638,3.201223723,5.398144292,0.879637274,13.69190129,3.699099361,1,3.42E-11,,2.01E-10,4.22E-11,2.75E-10,1.48E-11,1.17E-10,1.09E-10,1.84E-10,3.00E-11,4.68E-10,1.26E-10,1
7.980252342,5.494978805,12.19478115,3.345867073,-0.497516605,0.306091839,4.296970431,0.750978412,-3.260029901,6.230887702,1,1.24E-34,,9.90E-34,6.81E-34,1.51E-33,4.15E-34,-6.17E-35,3.80E-35,5.33E-34,9.31E-35,-4.04E-34,7.73E-34,1
8.366644667,6.468049316,12.31446377,-1.247504019,1.305392833,1.562526437,12.97047532,-6.750217162,9.920008051,8.612804939,1,1.33E-25,,1.12E-24,8.62E-25,1.64E-24,-1.66E-25,1.74E-25,2.08E-25,1.73E-24,-9.00E-25,1.32E-24,1.15E-24,1
6.106607915,4.594992758,8.670515445,3.889043467,11.76084411,5.825717146,4.63512268,3.945129009,6.026162311,8.22513721,1,6.90E-24,,4.21E-23,3.17E-23,5.98E-23,2.68E-23,8.11E-23,4.02E-23,3.20E-23,2.72E-23,4.16E-23,5.67E-23,1
15.35329639,8.622621583,1.168607179,7.516875141,4.29044236,3.760273252,15.03443601,7.718425073,4.162400355,-0.029563451,1,3.09E-05,,0.000475067,0.000266804,3.62E-05,0.00023259,0.000132756,0.000116352,0.000465201,0.000238826,0.000128795,-9.15E-07,1
-5.194271514,-0.323922766,-0.604621317,3.132832363,11.51704999,0.401949971,6.114186843,13.25942367,2.390661116,3.050771476,1,5.11E-25,,-2.66E-24,-1.66E-25,-3.09E-25,1.60E-24,5.89E-24,2.06E-25,3.13E-24,6.78E-24,1.22E-24,1.56E-24,1
-13.99829621,-11.31096928,-13.57558096,2.727202249,-0.54870659,-0.265083985,-1.293002922,-7.187805247,-10.89400187,-0.66435671,-1,6.34E-06,,-8.87E-05,-7.17E-05,-8.60E-05,1.73E-05,-3.48E-06,-1.68E-06,-8.19E-06,-4.55E-05,-6.90E-05,-4.21E-06,-1
-3.196755718,5.717301958,13.64278899,2.960328192,-6.783141033,9.863304989,-0.481897069,7.141796342,10.34842584,7.008008911,1,4.67E-18,,-1.49E-17,2.67E-17,6.37E-17,1.38E-17,-3.17E-17,4.60E-17,-2.25E-18,3.33E-17,4.83E-17,3.27E-17,1
-3.760027216,2.536536359,0.154233103,-11.99081087,-5.075767113,-9.696761758,-4.058271899,-7.093402787,0.44678018,-6.506134085,-1,3.82E-29,,-1.44E-28,9.69E-29,5.89E-30,-4.58E-28,-1.94E-28,-3.71E-28,-1.55E-28,-2.71E-28,1.71E-29,-2.49E-28,-1
-3.169553447,-2.973785887,-0.668671214,-9.332071836,-2.668936445,-11.40014497,-11.15356784,0.023753894,-1.552299481,-6.124953281,-1,4.32E-23,,-1.37E-22,-1.29E-22,-2.89E-23,-4.04E-22,-1.15E-22,-4.93E-22,-4.82E-22,1.03E-24,-6.71E-23,-2.65E-22,-1
-1.095386917,-0.387674068,4.967481118,-0.908004757,-5.492270656,8.103051057,8.519489054,0.072767651,4.869024643,-0.978546707,1,3.34E-29,,-3.66E-29,-1.29E-29,1.66E-28,-3.03E-29,-1.83E-28,2.71E-28,2.85E-28,2.43E-30,1.63E-28,-3.27E-29,1
11.82191554,7.768114764,5.338378261,6.575950508,6.256708265,3.05577683,9.898047599,-7.415042755,5.708852621,12.26752416,1,3.96E-30,,4.68E-29,3.08E-29,2.11E-29,2.60E-29,2.48E-29,1.21E-29,3.92E-29,-2.94E-29,2.26E-29,4.86E-29,1
-5.011376577,-7.241874172,2.662849841,-6.43708515,3.500636964,-1.299849616,-6.666459723,-8.034400863,-5.870057162,-0.39697685,-1,0.000150862,,-0.000756026,-0.001092523,0.000401723,-0.000971111,0.000528113,-0.000196098,-0.001005715,-0.001212085,-0.000885568,-5.99E-05,-1
-6.374015496,-3.926984183,-1.917099565,-10.5874533,-1.069324665,-4.869586357,-10.02024206,-7.278093274,-4.903492929,-10.57490403,-1,1.54E-08,,-9.81E-08,-6.04E-08,-2.95E-08,-1.63E-07,-1.65E-08,-7.49E-08,-1.54E-07,-1.12E-07,-7.55E-08,-1.63E-07,-1
2.984280264,0.916435083,-1.8096613,3.53480896,5.869541749,4.486018511,6.19214324,14.19700901,6.075279456,7.346626698,1,0.01524696,,0.045501202,0.013972849,-0.027591834,0.053895091,0.089492669,0.068398146,0.094411361,0.216461231,0.092629544,0.112013725,1
-1.042431701,-0.859763223,3.899985185,-3.2325154,10.92898578,-8.742365407,2.737793126,-5.913843605,-7.534990897,-9.351358697,-1,3.16E-21,,-3.30E-21,-2.72E-21,1.23E-20,-1.02E-20,3.46E-20,-2.77E-20,8.66E-21,-1.87E-20,-2.38E-20,-2.96E-20,-1
-5.134210764,1.581142975,-8.469319085,-7.197202924,-3.052569124,-1.834050385,-1.887652572,-14.22387515,-6.562673221,-12.59121961,-1,2.46E-20,,-1.26E-19,3.89E-20,-2.08E-19,-1.77E-19,-7.50E-20,-4.51E-20,-4.64E-20,-3.50E-19,-1.61E-19,-3.10E-19,-1
-6.137844581,-7.579352392,2.169099985,-10.67356829,-4.749073963,3.40978025,-4.80412117,-16.88577733,-7.626242358,-9.718677592,-1,2.60E-27,,-1.60E-26,-1.97E-26,5.64E-27,-2.77E-26,-1.23E-26,8.86E-27,-1.25E-26,-4.39E-26,-1.98E-26,-2.53E-26,-1
12.90521264,15.30664348,7.137720638,0.430404718,1.716427349,3.842259735,12.46149721,3.94500538,1.381373351,4.795751421,1,1.85E-29,,2.39E-28,2.84E-28,1.32E-28,7.98E-30,3.18E-29,7.12E-29,2.31E-28,7.31E-29,2.56E-29,8.89E-29,1
-1.751889024,3.283646982,7.867207423,6.499214997,5.185390938,6.124509209,12.6377054,9.518517222,7.035392318,6.365402065,1,8.87E-23,,-1.55E-22,2.91E-22,6.98E-22,5.76E-22,4.60E-22,5.43E-22,1.12E-21,8.44E-22,6.24E-22,5.64E-22,1
1.187687216,0.432722338,5.775924812,7.606846658,7.771885139,4.417269738,10.56261741,7.325321483,5.459114074,1.114497491,1,0.01861202,,0.022105258,0.008053837,0.107501626,0.14157878,0.144650479,0.082214311,0.196591643,0.136339028,0.101605139,0.020743049,1
6.94324113,7.175481045,4.280560067,10.09566139,4.534485587,8.331947643,6.557488778,7.570277994,9.040459655,4.555221608,1,1.05E-05,,7.31E-05,7.55E-05,4.51E-05,0.000106252,4.77E-05,8.77E-05,6.90E-05,7.97E-05,9.51E-05,4.79E-05,1
11.77508785,-1.496128233,5.938942943,4.539618448,1.144370823,1.766290464,7.388308535,14.2941273,0.603565297,9.825327886,1,1.68E-15,,1.98E-14,-2.52E-15,9.98E-15,7.63E-15,1.92E-15,2.97E-15,1.24E-14,2.40E-14,1.01E-15,1.65E-14,1
8.054798413,5.166669152,9.337103872,7.856930516,8.838825786,1.505425977,2.596434061,13.01071745,10.84085462,6.222788744,1,0.016691713,,0.134448384,0.086240559,0.155852259,0.13114563,0.147535144,0.025128138,0.043338932,0.217171163,0.180952435,0.103869004,1
-10.27382693,-4.202224127,-13.1351703,-8.337287435,-1.758773607,-6.605516879,-11.75043786,-7.238816994,1.882864318,-1.062511159,-1,5.70E-32,,-5.85E-31,-2.39E-31,-7.49E-31,-4.75E-31,-1.00E-31,-3.76E-31,-6.70E-31,-4.13E-31,1.07E-31,-6.05E-32,-1
-0.337407677,2.921406246,6.593753202,3.493921911,-8.300276397,2.725139879,8.50060763,7.5525743,4.122413536,4.948384672,1,3.78E-40,,-1.28E-40,1.10E-39,2.49E-39,1.32E-39,-3.14E-39,1.03E-39,3.22E-39,2.86E-39,1.56E-39,1.87E-39,1
3.899785158,-7.033338043,-3.354453556,14.4067732,4.352074057,-0.127454329,-1.736150759,0.867808936,3.392795941,7.026039874,1,1.44E-13,,5.63E-13,-1.02E-12,-4.85E-13,2.08E-12,6.29E-13,-1.84E-14,-2.51E-13,1.25E-13,4.90E-13,1.01E-12,1
-4.98296668,1.830372232,-6.268519978,-2.037381073,-4.935280329,-2.28665337,5.696797943,4.017867161,-2.877706822,-3.161889765,-1,3.14E-21,,-1.56E-20,5.75E-21,-1.97E-20,-6.40E-21,-1.55E-20,-7.18E-21,1.79E-20,1.26E-20,-9.04E-21,-9.93E-21,-1
9.992537421,4.222784232,-11.22623735,3.212635758,7.427996504,11.37993599,5.110389054,4.915294745,15.06717345,3.848055588,1,0.016406753,,0.163945088,0.069282176,-0.184186098,0.05270892,0.1218693,0.186707793,0.083844888,0.080644024,0.247203386,0.063134096,1
-2.088627101,-4.498002346,-4.986132752,-0.419163569,-18.92700735,3.090373032,-3.960019306,-8.390587804,-0.310103671,-6.389520259,-1,1.24E-24,,-2.58E-24,-5.56E-24,-6.16E-24,-5.18E-25,-2.34E-23,3.82E-24,-4.89E-24,-1.04E-23,-3.83E-25,-7.89E-24,-1
8.790315758,3.878172159,2.927442063,-2.752514196,1.385399556,4.877904492,2.817576793,10.13101,2.773602597,-0.511483853,1,0.419933329,,3.69134656,1.628573746,1.229330491,-1.15587245,0.581775448,2.048394673,1.183194403,4.254348758,1.164728172,-0.214789117,1
-11.71289063,-6.905199523,3.15584658,-9.464306506,-9.354025923,-2.834808364,-8.822223551,-5.257680702,2.521764351,-2.999275972,-1,1.67E-28,,-1.95E-27,-1.15E-27,5.26E-28,-1.58E-27,-1.56E-27,-4.72E-28,-1.47E-27,-8.76E-28,4.20E-28,-5.00E-28,-1
12.74090755,5.653993536,5.050572483,6.401004358,13.74465011,0.630927513,16.25309495,4.231682108,1.869690705,5.476654364,1,1.19E-25,,1.51E-24,6.71E-25,5.99E-25,7.60E-25,1.63E-24,7.49E-26,1.93E-24,5.02E-25,2.22E-25,6.50E-25,1
-10.42644527,-5.252620055,2.450064588,4.936946137,-5.534249046,-2.528562432,-6.518981752,3.159150037,-4.207256134,-8.918893817,-1,2.46E-34,,-2.57E-33,-1.29E-33,6.03E-34,1.22E-33,-1.36E-33,-6.22E-34,-1.60E-33,7.78E-34,-1.04E-33,-2.20E-33,-1
3.696604445,9.100044115,8.768467299,8.522334463,10.31153583,7.027017379,-1.025153899,9.285877517,4.626960751,3.630885065,1,4.23E-22,,1.56E-21,3.85E-21,3.71E-21,3.60E-21,4.36E-21,2.97E-21,-4.34E-22,3.93E-21,1.96E-21,1.54E-21,1
-9.147890453,-0.277769366,-7.416001204,5.1512327,-6.741163126,-0.686157564,8.122646162,2.083216908,-9.356822082,-12.1414228,-1,1.58E-29,,-1.45E-28,-4.39E-30,-1.17E-28,8.14E-29,-1.07E-28,-1.08E-29,1.28E-28,3.29E-29,-1.48E-28,-1.92E-28,-1
-1.55460417,-9.111001554,5.976284603,3.989468492,-16.95839412,-6.722359809,-7.775963373,-4.002156294,-7.164135316,-14.69131749,-1,1.02E-11,,-1.58E-11,-9.27E-11,6.08E-11,4.06E-11,-1.73E-10,-6.84E-11,-7.91E-11,-4.07E-11,-7.29E-11,-1.49E-10,-1
-0.01075098,6.98244586,3.759650763,6.698648871,10.70808163,9.19397245,5.424079716,10.25040843,-3.620463812,3.499025219,1,1.72E-41,,-1.85E-43,1.20E-40,6.47E-41,1.15E-40,1.84E-40,1.58E-40,9.33E-41,1.76E-40,-6.23E-41,6.02E-41,1
8.925909689,3.597134225,1.659800083,9.013758,6.945720179,10.15328318,7.929374366,0.547445926,6.278287573,10.08257896,1,7.09E-31,,6.33E-30,2.55E-30,1.18E-30,6.39E-30,4.93E-30,7.20E-30,5.63E-30,3.88E-31,4.45E-30,7.15E-30,1
-6.235091935,-3.97314042,-9.368118132,-1.946981438,-11.29283628,-10.43599292,-1.069076216,-7.73692765,-9.228520173,-4.197016225,-1,1.07E-19,,-6.68E-19,-4.26E-19,-1.00E-18,-2.09E-19,-1.21E-18,-1.12E-18,-1.15E-19,-8.29E-19,-9.89E-19,-4.50E-19,-1
-14.23179077,-1.84472617,-8.233857311,-8.306562479,-5.210499752,2.856506716,-2.843889697,1.782064203,-1.332390138,6.994530549,-1,1.90E-24,,-2.70E-23,-3.50E-24,-1.56E-23,-1.58E-23,-9.89E-24,5.42E-24,-5.40E-24,3.38E-24,-2.53E-24,1.33E-23,-1
0.878023757,18.7842432,8.630176931,4.879582072,12.19966034,4.1413818,2.253302304,3.025006363,8.795032793,4.946783826,1,0.000487805,,0.000428304,0.009163046,0.004209843,0.002380284,0.005951054,0.002020186,0.001099172,0.001475613,0.00429026,0.002413065,1
5.281433323,4.681036801,6.656973753,1.917984954,-4.437507973,14.17784852,11.28535836,6.588227916,5.156197084,-3.038837592,1,1.30E-40,,6.87E-40,6.09E-40,8.66E-40,2.49E-40,-5.77E-40,1.84E-39,1.47E-39,8.57E-40,6.71E-40,-3.95E-40,1
-10.33156855,-0.281290385,-6.882835849,-3.95709504,-7.912280441,4.550873567,-3.768674318,-5.919183217,-14.61088536,1.571144253,-1,2.68E-06,,-2.77E-05,-7.53E-07,-1.84E-05,-1.06E-05,-2.12E-05,1.22E-05,-1.01E-05,-1.58E-05,-3.91E-05,4.21E-06,-1
5.204375552,8.144083239,2.10729041,5.109094179,5.747736264,3.555203321,0.168966012,8.802082059,2.913037845,-1.29163582,1,4.66E-37,,2.42E-36,3.79E-36,9.82E-37,2.38E-36,2.68E-36,1.66E-36,7.87E-38,4.10E-36,1.36E-36,-6.02E-37,1
-4.462789881,-13.16576992,-6.701544818,-3.754635477,1.469551287,-7.37074108,-8.225519617,0.428610307,4.435547741,-10.4032865,-1,0.005193692,,-0.023178354,-0.068378948,-0.034805757,-0.019500419,0.007632396,-0.038281356,-0.042720812,0.00222607,0.023036867,-0.054031461,-1
9.683969038,7.350435702,9.472472763,-0.49784882,7.713340046,11.51342408,7.839662783,0.307139384,8.537056587,3.427395779,1,3.95E-08,,3.83E-07,2.90E-07,3.74E-07,-1.97E-08,3.05E-07,4.55E-07,3.10E-07,1.21E-08,3.37E-07,1.35E-07,1
-5.832707491,-0.044823237,-12.33303471,-1.68662751,-4.286079073,-7.219641207,-10.39685191,-6.92735829,-10.40176785,-6.525093618,-1,1.71E-31,,-9.97E-31,-7.66E-33,-2.11E-30,-2.88E-31,-7.33E-31,-1.23E-30,-1.78E-30,-1.18E-30,-1.78E-30,-1.12E-30,-1
8.195572502,0.574089864,6.857354669,7.852779311,-2.351299274,2.90646955,14.66827733,11.61422369,4.850960767,7.209072174,1,1.27E-39,,1.04E-38,7.30E-40,8.72E-39,9.99E-39,-2.99E-39,3.70E-39,1.87E-38,1.48E-38,6.17E-39,9.17E-39,1
8.475287961,7.093060673,3.083000898,-0.662921446,3.787227409,2.170895705,2.224326627,3.732777541,7.77219002,6.609526764,1,0.00166676,,0.014126272,0.011822431,0.005138623,-0.001104931,0.0063124,0.003618362,0.003707419,0.006221645,0.012954377,0.011016496,1
-5.217302102,3.690889441,1.407922738,3.781869278,3.508766101,7.252668135,12.75297131,7.937855545,12.76114822,2.535874432,1,8.73E-26,,-4.55E-25,3.22E-25,1.23E-25,3.30E-25,3.06E-25,6.33E-25,1.11E-24,6.93E-25,1.11E-24,2.21E-25,1
13.28911331,2.284085273,5.832774015,0.328583491,9.414825076,13.81646869,-1.184370945,1.077414766,7.768101546,-0.271542622,1,3.00E-34,,3.99E-33,6.86E-34,1.75E-33,9.87E-35,2.83E-33,4.15E-33,-3.56E-34,3.24E-34,2.33E-33,-8.16E-35,1
-3.121719516,-14.7810618,-0.848011906,-9.983802565,-7.027303152,1.430573435,4.087956112,-4.917275435,-4.034963098,-3.24045438,-1,1.93E-35,,-6.02E-35,-2.85E-34,-1.63E-35,-1.92E-34,-1.35E-34,2.76E-35,7.88E-35,-9.48E-35,-7.78E-35,-6.24E-35,-1
2.115732379,13.73907748,8.727572925,-0.831642628,-7.333518698,1.423866598,12.05334162,5.458720935,-2.350319922,6.909280385,1,2.38E-13,,5.04E-13,3.28E-12,2.08E-12,-1.98E-13,-1.75E-12,3.39E-13,2.87E-12,1.30E-12,-5.60E-13,1.65E-12,1
0.541455078,7.324524113,1.303789556,8.5119314,-4.940905375,3.668348036,1.065350968,11.2857732,2.084732957,2.685657526,1,7.73E-12,,4.18E-12,5.66E-11,1.01E-11,6.58E-11,-3.82E-11,2.83E-11,8.23E-12,8.72E-11,1.61E-11,2.07E-11,1
-7.968576945,-1.706927252,-12.88484417,-6.673728469,-5.480627378,-10.83965805,-7.466198413,-5.99116509,-10.01644837,-11.93976105,-1,1.03E-38,,-8.17E-38,-1.75E-38,-1.32E-37,-6.85E-38,-5.62E-38,-1.11E-37,-7.66E-38,-6.15E-38,-1.03E-37,-1.22E-37,-1
-3.137683412,-3.352315041,2.647130546,13.34769204,0.61811552,6.123065223,13.41509403,10.51578878,6.145701282,0.941235707,1,6.78E-24,,-2.13E-23,-2.27E-23,1.79E-23,9.04E-23,4.19E-24,4.15E-23,9.09E-23,7.13E-23,4.16E-23,6.38E-24,1
-5.353316155,-0.609173773,-10.34144602,-7.062590803,0.247317612,2.726960522,-2.208276766,-8.185411531,-7.342625827,-2.109196873,-1,0.024769228,,-0.132597507,-0.015088764,-0.256149632,-0.17493492,0.006125866,0.067544706,-0.05469731,-0.202746322,-0.181871171,-0.052243178,-1
-5.694397815,-8.348158328,-15.11508722,-7.484463743,3.335060645,-10.69329,-3.644423183,-11.48263671,9.632746253,-11.81281943,-1,2.19E-21,,-1.25E-20,-1.83E-20,-3.31E-20,-1.64E-20,7.31E-21,-2.34E-20,-7.98E-21,-2.52E-20,2.11E-20,-2.59E-20,-1
5.78752449,4.916351855,10.52376906,4.179829519,5.587584179,-3.274532407,3.002346199,6.950866212,11.40623079,8.252487583,1,4.17E-17,,2.42E-16,2.05E-16,4.39E-16,1.74E-16,2.33E-16,-1.37E-16,1.25E-16,2.90E-16,4.76E-16,3.45E-16,1
-0.635574877,-0.876551703,16.82700999,6.967271939,4.375779461,4.77445047,6.702954992,8.39467461,4.065068349,2.822714612,1,1.86E-05,,-1.19E-05,-1.63E-05,0.000313794,0.000129927,8.16E-05,8.90E-05,0.000124998,0.000156546,7.58E-05,5.26E-05,1
-14.85519827,-11.49868694,-6.280358853,-4.436653947,0.087782815,-9.40402692,6.532473696,-9.226034932,-1.63112839,1.594752885,-1,1.94E-09,,-2.88E-08,-2.23E-08,-1.22E-08,-8.61E-09,1.70E-10,-1.83E-08,1.27E-08,-1.79E-08,-3.17E-09,3.10E-09,-1
-2.692434472,3.314878014,6.516879284,5.768834403,-1.368977198,0.802448352,0.298649972,6.004022347,11.35521361,4.608392604,1,2.38E-22,,-6.40E-22,7.88E-22,1.55E-21,1.37E-21,-3.25E-22,1.91E-22,7.10E-23,1.43E-21,2.70E-21,1.10E-21,1
-5.445609275,4.485197406,2.013437947,0.835763862,0.015852022,1.543720321,8.095057359,14.23836901,9.326725067,6.126123295,1,3.78E-40,,-2.06E-39,1.70E-39,7.62E-40,3.16E-40,6.00E-42,5.84E-40,3.06E-39,5.39E-39,3.53E-39,2.32E-39,1
5.209856356,-4.348603167,2.828204249,-14.00745415,-0.619293504,-9.031977748,-2.599083158,-0.284866784,-10.46276099,-7.188238029,-1,1.15E-14,,6.00E-14,-5.01E-14,3.26E-14,-1.61E-13,-7.13E-15,-1.04E-13,-2.99E-14,-3.28E-15,-1.21E-13,-8.28E-14,-1
9.431755604,-0.33982027,1.916649433,-4.999543526,1.428562745,-0.282882042,8.696742635,2.331536959,1.235977602,3.441879061,1,3.11E-22,,2.93E-21,-1.06E-22,5.96E-22,-1.56E-21,4.44E-22,-8.80E-23,2.70E-21,7.25E-22,3.84E-22,1.07E-21,1
1.514381336,10.38728752,10.99180855,9.966994665,-2.712059018,3.737258486,12.17589466,0.613029078,3.778633191,10.41903465,1,2.03E-14,,3.07E-14,2.11E-13,2.23E-13,2.02E-13,-5.50E-14,7.59E-14,2.47E-13,1.24E-14,7.67E-14,2.11E-13,1
-2.320073915,1.651815394,10.51838518,6.925063179,4.658784706,11.17956301,-0.083949886,5.197833495,5.084877748,1.958235921,1,2.54E-06,,-5.88E-06,4.19E-06,2.67E-05,1.76E-05,1.18E-05,2.83E-05,-2.13E-07,1.32E-05,1.29E-05,4.97E-06,1
